{"context":{"loaders":[{"path":"/home/ubuntu/temp/django_restframework_homework/frontend_promise/node_modules/babel-loader/lib/index.js","request":"/home/ubuntu/temp/django_restframework_homework/frontend_promise/node_modules/babel-loader/lib/index.js"}],"external":{"env":"development","refresh":0}},"mtimes":{"/home/ubuntu/temp/django_restframework_homework/frontend_promise/src/index.js":{"mtime":1523884151994,"compiledPath":"/home/ubuntu/temp/django_restframework_homework/frontend_promise/.happypack/s-93403729","error":null},"/home/ubuntu/temp/django_restframework_homework/frontend_promise/src/routes.js":{"mtime":1523884151994,"compiledPath":"/home/ubuntu/temp/django_restframework_homework/frontend_promise/.happypack/s-679495264","error":null},"/home/ubuntu/temp/django_restframework_homework/frontend_promise/src/store/configure.js":{"mtime":1523884151994,"compiledPath":"/home/ubuntu/temp/django_restframework_homework/frontend_promise/.happypack/s-1549705148","error":null},"/home/ubuntu/temp/django_restframework_homework/frontend_promise/src/components/App.js":{"mtime":1523884151990,"compiledPath":"/home/ubuntu/temp/django_restframework_homework/frontend_promise/.happypack/s--221604393","error":null},"/home/ubuntu/temp/django_restframework_homework/frontend_promise/src/store/middlewares.js":{"mtime":1523884151994,"compiledPath":"/home/ubuntu/temp/django_restframework_homework/frontend_promise/.happypack/s--420826853","error":null},"/home/ubuntu/temp/django_restframework_homework/frontend_promise/src/store/reducer.js":{"mtime":1523884151994,"compiledPath":"/home/ubuntu/temp/django_restframework_homework/frontend_promise/.happypack/s--1865967121","error":null},"/home/ubuntu/temp/django_restframework_homework/frontend_promise/src/store/sagas.js":{"mtime":1523884151994,"compiledPath":"/home/ubuntu/temp/django_restframework_homework/frontend_promise/.happypack/s--661404155","error":null},"/home/ubuntu/temp/django_restframework_homework/frontend_promise/src/components/index.js":{"mtime":1523884151990,"compiledPath":"/home/ubuntu/temp/django_restframework_homework/frontend_promise/.happypack/s--1080217067","error":null},"/home/ubuntu/temp/django_restframework_homework/frontend_promise/src/components/themes/default.js":{"mtime":1523884151990,"compiledPath":"/home/ubuntu/temp/django_restframework_homework/frontend_promise/.happypack/s--564237563","error":null},"/home/ubuntu/temp/django_restframework_homework/frontend_promise/src/store/promises/reducer.js":{"mtime":1523884151994,"compiledPath":"/home/ubuntu/temp/django_restframework_homework/frontend_promise/.happypack/s--669589845","error":null},"/home/ubuntu/temp/django_restframework_homework/frontend_promise/src/store/promises/sagas.js":{"mtime":1523884151994,"compiledPath":"/home/ubuntu/temp/django_restframework_homework/frontend_promise/.happypack/s-1725222304","error":null},"/home/ubuntu/temp/django_restframework_homework/frontend_promise/src/components/atoms/Button/index.js":{"mtime":1523884151990,"compiledPath":"/home/ubuntu/temp/django_restframework_homework/frontend_promise/.happypack/s-1063994691","error":null},"/home/ubuntu/temp/django_restframework_homework/frontend_promise/src/components/molecules/AddPromise/index.js":{"mtime":1523884151990,"compiledPath":"/home/ubuntu/temp/django_restframework_homework/frontend_promise/.happypack/s--1333091269","error":null},"/home/ubuntu/temp/django_restframework_homework/frontend_promise/src/components/molecules/Login/index.js":{"mtime":1523884151990,"compiledPath":"/home/ubuntu/temp/django_restframework_homework/frontend_promise/.happypack/s--1298683965","error":null},"/home/ubuntu/temp/django_restframework_homework/frontend_promise/src/components/molecules/Logout/index.js":{"mtime":1523884151990,"compiledPath":"/home/ubuntu/temp/django_restframework_homework/frontend_promise/.happypack/s--1165078213","error":null},"/home/ubuntu/temp/django_restframework_homework/frontend_promise/src/components/molecules/PromiseList/index.js":{"mtime":1523884151990,"compiledPath":"/home/ubuntu/temp/django_restframework_homework/frontend_promise/.happypack/s-1158278062","error":null},"/home/ubuntu/temp/django_restframework_homework/frontend_promise/src/components/pages/HomePage/index.js":{"mtime":1523884151990,"compiledPath":"/home/ubuntu/temp/django_restframework_homework/frontend_promise/.happypack/s--565982274","error":null},"/home/ubuntu/temp/django_restframework_homework/frontend_promise/src/components/templates/PageTemplate/index.js":{"mtime":1523884151990,"compiledPath":"/home/ubuntu/temp/django_restframework_homework/frontend_promise/.happypack/s--1783253209","error":null},"/home/ubuntu/temp/django_restframework_homework/frontend_promise/src/store/promises/selectors.js":{"mtime":1523884151994,"compiledPath":"/home/ubuntu/temp/django_restframework_homework/frontend_promise/.happypack/s-1762685658","error":null},"/home/ubuntu/temp/django_restframework_homework/frontend_promise/src/store/promises/actions.js":{"mtime":1523884151994,"compiledPath":"/home/ubuntu/temp/django_restframework_homework/frontend_promise/.happypack/s--1641918828","error":null},"/home/ubuntu/temp/django_restframework_homework/frontend_promise/src/services/api/index.js":{"mtime":1523884151994,"compiledPath":"/home/ubuntu/temp/django_restframework_homework/frontend_promise/.happypack/s-697457090","error":null},"/home/ubuntu/temp/django_restframework_homework/frontend_promise/src/containers/index.js":{"mtime":1523884151994,"compiledPath":"/home/ubuntu/temp/django_restframework_homework/frontend_promise/.happypack/s--1601379686","error":null},"/home/ubuntu/temp/django_restframework_homework/frontend_promise/src/config.js":{"mtime":1523884151990,"compiledPath":"/home/ubuntu/temp/django_restframework_homework/frontend_promise/.happypack/s-1166576540","error":null},"/home/ubuntu/temp/django_restframework_homework/frontend_promise/src/containers/AddPromise.js":{"mtime":1523884151990,"compiledPath":"/home/ubuntu/temp/django_restframework_homework/frontend_promise/.happypack/s-1288853","error":null},"/home/ubuntu/temp/django_restframework_homework/frontend_promise/src/containers/Login.js":{"mtime":1523884151990,"compiledPath":"/home/ubuntu/temp/django_restframework_homework/frontend_promise/.happypack/s--486414642","error":null},"/home/ubuntu/temp/django_restframework_homework/frontend_promise/src/containers/Logout.js":{"mtime":1523884151994,"compiledPath":"/home/ubuntu/temp/django_restframework_homework/frontend_promise/.happypack/s-1823694430","error":null},"/home/ubuntu/temp/django_restframework_homework/frontend_promise/src/containers/PromiseList.js":{"mtime":1523884151994,"compiledPath":"/home/ubuntu/temp/django_restframework_homework/frontend_promise/.happypack/s--746108402","error":null}}}